id,target,hobby_0,hobby_1,hobby_2,age_0,age_1,age_2,age_3,educational_level_0,educational_level_1,educational_level_2,educational_level_3,marital_status_0,marital_status_1,marital_status_2,marital_status_3
0,0,0,1,0,1,0,0,0,1,0,0,0,0,1,0,0
1,1,0,1,0,1,0,0,0,0,0,1,0,0,1,0,0
2,2,0,0,1,1,0,0,0,0,0,0,1,1,0,0,0
3,2,0,1,0,0,0,0,1,0,1,0,0,0,1,0,0
4,2,1,0,0,1,0,0,0,0,0,1,0,0,0,0,1
5,1,1,0,0,1,0,0,0,0,0,1,0,0,1,0,0
6,1,0,0,1,1,0,0,0,0,0,1,0,0,1,0,0
7,2,0,0,1,0,0,0,1,0,1,0,0,0,0,0,1
8,0,0,1,0,0,1,0,0,1,0,0,0,1,0,0,0
9,0,0,0,1,0,1,0,0,1,0,0,0,1,0,0,0
10,0,1,0,0,0,1,0,0,1,0,0,0,1,0,0,0
11,2,0,1,0,0,1,0,0,0,0,1,0,0,0,0,1
12,0,1,0,0,1,0,0,0,0,1,0,0,1,0,0,0
13,1,0,1,0,1,0,0,0,0,1,0,0,0,1,0,0
14,2,0,1,0,0,0,0,1,1,0,0,0,0,0,0,1
15,0,1,0,0,1,0,0,0,0,0,1,0,0,0,1,0
16,1,0,0,1,0,1,0,0,1,0,0,0,0,1,0,0
17,0,1,0,0,0,1,0,0,1,0,0,0,1,0,0,0
18,0,0,0,1,0,0,1,0,0,1,0,0,1,0,0,0
19,0,0,0,1,1,0,0,0,0,0,1,0,0,1,0,0
20,1,1,0,0,0,1,0,0,0,1,0,0,1,0,0,0
21,0,0,0,1,0,1,0,0,1,0,0,0,0,0,1,0
22,0,0,1,0,1,0,0,0,0,1,0,0,1,0,0,0
23,0,0,0,1,0,1,0,0,1,0,0,0,0,0,1,0
24,0,0,1,0,0,0,1,0,0,1,0,0,1,0,0,0
25,1,0,0,1,0,1,0,0,0,1,0,0,1,0,0,0
26,1,0,0,1,0,1,0,0,1,0,0,0,0,0,1,0
27,1,0,1,0,1,0,0,0,0,1,0,0,0,1,0,0
28,0,1,0,0,1,0,0,0,0,0,1,0,0,1,0,0
29,0,0,0,1,0,1,0,0,1,0,0,0,1,0,0,0
30,2,1,0,0,0,0,0,1,1,0,0,0,1,0,0,0
31,0,0,1,0,0,1,0,0,1,0,0,0,0,0,1,0
32,1,1,0,0,0,1,0,0,1,0,0,0,0,0,1,0
33,0,1,0,0,1,0,0,0,1,0,0,0,0,1,0,0
34,2,0,1,0,0,0,0,1,0,0,1,0,1,0,0,0
35,1,0,0,1,1,0,0,0,0,1,0,0,0,1,0,0
36,1,1,0,0,1,0,0,0,0,1,0,0,0,1,0,0
37,1,0,0,1,0,1,0,0,0,1,0,0,1,0,0,0
38,1,1,0,0,0,1,0,0,1,0,0,0,0,1,0,0
39,2,0,0,1,0,0,0,1,0,0,1,0,0,1,0,0
40,1,0,1,0,0,1,0,0,0,1,0,0,1,0,0,0
41,1,0,1,0,0,1,0,0,1,0,0,0,0,1,0,0
42,1,0,0,1,0,1,0,0,1,0,0,0,0,0,1,0
43,0,0,0,1,0,1,0,0,1,0,0,0,1,0,0,0
44,0,0,0,1,1,0,0,0,0,1,0,0,1,0,0,0
45,1,1,0,0,0,1,0,0,1,0,0,0,0,0,1,0
46,0,0,1,0,1,0,0,0,1,0,0,0,0,1,0,0
47,0,1,0,0,1,0,0,0,1,0,0,0,0,1,0,0
48,1,1,0,0,0,1,0,0,0,1,0,0,0,0,1,0
49,0,0,0,1,0,0,1,0,1,0,0,0,1,0,0,0
50,0,0,0,1,0,0,1,0,0,0,1,0,1,0,0,0
51,1,0,0,1,0,1,0,0,1,0,0,0,0,1,0,0
52,1,0,0,1,0,1,0,0,1,0,0,0,0,1,0,0
53,0,0,0,1,1,0,0,0,0,1,0,0,1,0,0,0
54,0,1,0,0,1,0,0,0,1,0,0,0,0,1,0,0
55,0,0,1,0,1,0,0,0,0,0,1,0,0,1,0,0
56,1,0,1,0,0,1,0,0,0,1,0,0,1,0,0,0
57,0,0,1,0,1,0,0,0,0,1,0,0,1,0,0,0
58,0,0,1,0,0,1,0,0,1,0,0,0,0,0,1,0
59,1,0,1,0,1,0,0,0,0,1,0,0,0,1,0,0
60,2,1,0,0,0,1,0,0,0,0,0,1,0,1,0,0
61,1,0,1,0,0,1,0,0,1,0,0,0,0,1,0,0
62,2,1,0,0,1,0,0,0,0,1,0,0,0,0,0,1
63,0,1,0,0,0,0,1,0,0,1,0,0,1,0,0,0
64,2,0,1,0,0,0,0,1,0,0,0,1,0,1,0,0
65,0,0,1,0,0,0,1,0,0,1,0,0,1,0,0,0
66,1,0,0,1,1,0,0,0,0,1,0,0,0,1,0,0
67,1,1,0,0,1,0,0,0,0,1,0,0,0,1,0,0
68,2,1,0,0,0,0,1,0,0,1,0,0,0,0,0,1
69,1,1,0,0,1,0,0,0,0,1,0,0,0,1,0,0
70,2,0,0,1,1,0,0,0,0,0,0,1,0,1,0,0
71,1,0,1,0,1,0,0,0,0,0,1,0,0,1,0,0
72,1,1,0,0,1,0,0,0,0,0,1,0,0,1,0,0
73,0,0,0,1,1,0,0,0,0,0,1,0,0,1,0,0
74,2,1,0,0,0,1,0,0,0,0,0,1,0,0,0,1
75,2,1,0,0,0,0,0,1,0,1,0,0,1,0,0,0
76,0,0,1,0,1,0,0,0,0,1,0,0,1,0,0,0
77,2,0,0,1,0,0,0,1,1,0,0,0,0,1,0,0
78,0,0,1,0,0,1,0,0,1,0,0,0,1,0,0,0
79,0,1,0,0,1,0,0,0,0,1,0,0,1,0,0,0
80,2,0,1,0,0,1,0,0,0,0,0,1,0,0,1,0
81,1,0,0,1,1,0,0,0,0,1,0,0,0,1,0,0
82,0,1,0,0,1,0,0,0,0,0,1,0,0,1,0,0
83,0,1,0,0,0,1,0,0,1,0,0,0,0,0,1,0
84,2,1,0,0,0,0,0,1,0,0,0,1,1,0,0,0
85,1,0,0,1,0,0,1,0,0,0,1,0,0,1,0,0
86,1,0,1,0,0,1,0,0,1,0,0,0,0,0,1,0
87,1,0,0,1,0,0,1,0,0,1,0,0,1,0,0,0
88,0,1,0,0,1,0,0,0,1,0,0,0,0,0,1,0
89,1,0,1,0,0,1,0,0,1,0,0,0,0,1,0,0
90,1,0,1,0,0,1,0,0,0,1,0,0,1,0,0,0
91,1,0,1,0,0,0,1,0,0,1,0,0,0,0,1,0
92,1,1,0,0,0,0,1,0,0,1,0,0,1,0,0,0
93,1,0,1,0,0,1,0,0,1,0,0,0,0,1,0,0
94,0,1,0,0,1,0,0,0,1,0,0,0,0,1,0,0
95,1,0,0,1,0,1,0,0,0,1,0,0,1,0,0,0
96,0,0,0,1,0,1,0,0,1,0,0,0,1,0,0,0
97,0,1,0,0,1,0,0,0,0,1,0,0,1,0,0,0
98,2,0,0,1,1,0,0,0,0,0,0,1,0,0,0,1
99,1,0,0,1,0,0,1,0,0,1,0,0,1,0,0,0
100,1,0,1,0,0,0,1,0,0,1,0,0,1,0,0,0
101,0,0,1,0,1,0,0,0,0,0,1,0,1,0,0,0
102,1,1,0,0,0,1,0,0,1,0,0,0,0,1,0,0
103,0,0,0,1,1,0,0,0,1,0,0,0,0,1,0,0
104,2,0,1,0,0,1,0,0,0,0,0,1,1,0,0,0
105,1,1,0,0,0,1,0,0,0,1,0,0,1,0,0,0
106,1,0,1,0,0,0,1,0,0,1,0,0,1,0,0,0
107,2,0,1,0,0,1,0,0,1,0,0,0,0,0,0,1
108,2,1,0,0,0,0,0,1,0,1,0,0,0,0,1,0
109,0,0,1,0,0,1,0,0,1,0,0,0,1,0,0,0
110,0,1,0,0,0,1,0,0,1,0,0,0,1,0,0,0
111,1,0,1,0,0,1,0,0,0,0,1,0,0,1,0,0
112,0,1,0,0,0,0,1,0,0,1,0,0,1,0,0,0
113,0,0,0,1,1,0,0,0,0,1,0,0,1,0,0,0
114,0,0,0,1,1,0,0,0,1,0,0,0,0,1,0,0
115,2,0,0,1,0,0,1,0,1,0,0,0,0,0,0,1
116,2,0,1,0,0,0,1,0,0,0,0,1,1,0,0,0
117,1,1,0,0,0,1,0,0,0,0,1,0,0,0,1,0
118,1,0,0,1,0,0,1,0,0,1,0,0,0,1,0,0
119,2,0,0,1,0,0,1,0,0,0,0,1,0,1,0,0
120,1,1,0,0,0,1,0,0,0,1,0,0,1,0,0,0
121,2,0,1,0,1,0,0,0,1,0,0,0,0,0,0,1
122,1,0,0,1,1,0,0,0,0,1,0,0,0,1,0,0
123,2,0,0,1,0,1,0,0,0,1,0,0,0,0,0,1
124,0,0,1,0,0,0,1,0,1,0,0,0,0,0,1,0
125,0,0,1,0,1,0,0,0,1,0,0,0,0,1,0,0
126,2,0,0,1,0,0,0,1,1,0,0,0,0,0,1,0
127,2,1,0,0,1,0,0,0,0,0,0,1,0,0,1,0
128,0,0,1,0,1,0,0,0,0,1,0,0,1,0,0,0
129,1,1,0,0,0,1,0,0,1,0,0,0,0,1,0,0
130,1,1,0,0,0,1,0,0,0,1,0,0,1,0,0,0
131,0,0,0,1,1,0,0,0,1,0,0,0,0,1,0,0
132,0,1,0,0,1,0,0,0,1,0,0,0,0,1,0,0
133,0,1,0,0,1,0,0,0,0,1,0,0,1,0,0,0
134,0,1,0,0,0,1,0,0,1,0,0,0,1,0,0,0
135,0,1,0,0,1,0,0,0,1,0,0,0,0,0,1,0
136,0,1,0,0,1,0,0,0,0,0,1,0,1,0,0,0
137,0,1,0,0,0,0,1,0,1,0,0,0,1,0,0,0
138,0,1,0,0,1,0,0,0,0,0,1,0,0,0,1,0
139,0,1,0,0,0,0,1,0,1,0,0,0,0,0,1,0
140,0,1,0,0,0,0,1,0,0,0,1,0,1,0,0,0
141,1,1,0,0,0,1,0,0,0,1,0,0,1,0,0,0
142,1,1,0,0,0,1,0,0,1,0,0,0,0,1,0,0
143,1,1,0,0,1,0,0,0,0,1,0,0,0,1,0,0
144,1,1,0,0,0,1,0,0,0,1,0,0,0,0,1,0
145,1,1,0,0,0,1,0,0,0,0,1,0,0,1,0,0
146,1,1,0,0,0,0,1,0,0,1,0,0,0,1,0,0
147,1,1,0,0,0,1,0,0,0,0,1,0,0,0,1,0
148,1,1,0,0,0,0,1,0,0,1,0,0,0,0,1,0
149,1,1,0,0,0,0,1,0,0,0,1,0,0,1,0,0
150,0,1,0,0,1,0,0,0,0,0,1,0,0,1,0,0
151,1,1,0,0,0,0,1,0,0,1,0,0,1,0,0,0
152,0,1,0,0,0,1,0,0,1,0,0,0,0,0,1,0
153,1,1,0,0,0,1,0,0,0,0,1,0,1,0,0,0
154,0,1,0,0,1,0,0,0,0,1,0,0,0,0,1,0
155,1,1,0,0,0,0,1,0,1,0,0,0,0,1,0,0
156,0,1,0,0,1,0,0,0,1,0,0,0,1,0,0,0
157,1,1,0,0,0,1,0,0,0,1,0,0,0,1,0,0
158,0,1,0,0,0,0,1,0,0,0,1,0,0,0,1,0
159,2,1,0,0,0,0,0,1,0,0,0,1,0,0,0,1
