dataset,method,metric,friedman_stat,friedman_p,significant,avg_rank,group
iris,knn,accuracy,93.4441,0.0000,True,2.1000,a
iris,svm,accuracy,93.4441,0.0000,True,2.9000,a
iris,decision_tree,accuracy,93.4441,0.0000,True,3.3000,a
iris,random_forest,accuracy,93.4441,0.0000,True,3.3000,a
iris,xgboost,accuracy,93.4441,0.0000,True,4.4000,a
iris,supertml+resnext50_32x4d,accuracy,93.4441,0.0000,True,8.4000,a
iris,refined+densenet161,accuracy,93.4441,0.0000,True,10.8000,a
iris,deepinsight+efficientnet_v2_m,accuracy,93.4441,0.0000,True,10.9000,a
iris,refined+efficientnet_v2_m,accuracy,93.4441,0.0000,True,11.4000,a
iris,igtd+densenet161,accuracy,93.4441,0.0000,True,11.5000,a
iris,tinto+densenet161,accuracy,93.4441,0.0000,True,12.6000,a
iris,supertml+densenet161,accuracy,93.4441,0.0000,True,12.9000,a
iris,refined+resnext50_32x4d,accuracy,93.4441,0.0000,True,12.9000,a
iris,deepinsight+densenet161,accuracy,93.4441,0.0000,True,13.9000,a
iris,igtd+resnext50_32x4d,accuracy,93.4441,0.0000,True,14.7000,a
iris,igtd+efficientnet_v2_m,accuracy,93.4441,0.0000,True,14.7000,a
iris,tinto+resnext50_32x4d,accuracy,93.4441,0.0000,True,15.7000,a
iris,refined+mobilenet_v3_large,accuracy,93.4441,0.0000,True,15.9000,a
iris,deepinsight+resnext50_32x4d,accuracy,93.4441,0.0000,True,16.2000,a
iris,tinto+efficientnet_v2_m,accuracy,93.4441,0.0000,True,16.6000,a
iris,igtd+mobilenet_v3_large,accuracy,93.4441,0.0000,True,17.9000,a
iris,supertml+efficientnet_v2_m,accuracy,93.4441,0.0000,True,20.5000,b
iris,deepinsight+mobilenet_v3_large,accuracy,93.4441,0.0000,True,23.0000,b
iris,tinto+mobilenet_v3_large,accuracy,93.4441,0.0000,True,24.0000,b
iris,supertml+mobilenet_v3_large,accuracy,93.4441,0.0000,True,24.5000,b
parkinsons,xgboost,accuracy,69.5587,0.0000,True,3.9000,a
parkinsons,refined+densenet161,accuracy,69.5587,0.0000,True,6.2000,a
parkinsons,igtd+densenet161,accuracy,69.5587,0.0000,True,6.8000,a
parkinsons,random_forest,accuracy,69.5587,0.0000,True,7.2000,a
parkinsons,deepinsight+mobilenet_v3_large,accuracy,69.5587,0.0000,True,8.4000,a
parkinsons,knn,accuracy,69.5587,0.0000,True,8.6000,a
parkinsons,svm,accuracy,69.5587,0.0000,True,8.7000,a
parkinsons,decision_tree,accuracy,69.5587,0.0000,True,9.4000,a
parkinsons,igtd+efficientnet_v2_m,accuracy,69.5587,0.0000,True,9.4000,a
parkinsons,tinto+densenet161,accuracy,69.5587,0.0000,True,9.9000,a
parkinsons,tinto+mobilenet_v3_large,accuracy,69.5587,0.0000,True,10.2000,a
parkinsons,tinto+efficientnet_v2_m,accuracy,69.5587,0.0000,True,11.2000,a
parkinsons,deepinsight+efficientnet_v2_m,accuracy,69.5587,0.0000,True,11.3000,a
parkinsons,igtd+mobilenet_v3_large,accuracy,69.5587,0.0000,True,11.4000,a
parkinsons,refined+efficientnet_v2_m,accuracy,69.5587,0.0000,True,12.7000,a
parkinsons,deepinsight+resnext50_32x4d,accuracy,69.5587,0.0000,True,16.1000,a
parkinsons,deepinsight+densenet161,accuracy,69.5587,0.0000,True,16.2000,a
parkinsons,tinto+resnext50_32x4d,accuracy,69.5587,0.0000,True,16.8000,a
parkinsons,refined+mobilenet_v3_large,accuracy,69.5587,0.0000,True,17.0000,a
parkinsons,refined+resnext50_32x4d,accuracy,69.5587,0.0000,True,17.6000,a
parkinsons,igtd+resnext50_32x4d,accuracy,69.5587,0.0000,True,19.7000,a
parkinsons,supertml+densenet161,accuracy,69.5587,0.0000,True,20.7000,a
parkinsons,supertml+mobilenet_v3_large,accuracy,69.5587,0.0000,True,21.4000,b
parkinsons,supertml+efficientnet_v2_m,accuracy,69.5587,0.0000,True,21.8000,b
parkinsons,supertml+resnext50_32x4d,accuracy,69.5587,0.0000,True,22.4000,b
hepatitis,decision_tree,accuracy,33.0048,0.1040,False,,n.s.
hepatitis,deepinsight+densenet161,accuracy,33.0048,0.1040,False,,n.s.
hepatitis,deepinsight+efficientnet_v2_m,accuracy,33.0048,0.1040,False,,n.s.
hepatitis,deepinsight+mobilenet_v3_large,accuracy,33.0048,0.1040,False,,n.s.
hepatitis,deepinsight+resnext50_32x4d,accuracy,33.0048,0.1040,False,,n.s.
hepatitis,igtd+densenet161,accuracy,33.0048,0.1040,False,,n.s.
hepatitis,igtd+efficientnet_v2_m,accuracy,33.0048,0.1040,False,,n.s.
hepatitis,igtd+mobilenet_v3_large,accuracy,33.0048,0.1040,False,,n.s.
hepatitis,igtd+resnext50_32x4d,accuracy,33.0048,0.1040,False,,n.s.
hepatitis,knn,accuracy,33.0048,0.1040,False,,n.s.
hepatitis,random_forest,accuracy,33.0048,0.1040,False,,n.s.
hepatitis,refined+densenet161,accuracy,33.0048,0.1040,False,,n.s.
hepatitis,refined+efficientnet_v2_m,accuracy,33.0048,0.1040,False,,n.s.
hepatitis,refined+mobilenet_v3_large,accuracy,33.0048,0.1040,False,,n.s.
hepatitis,refined+resnext50_32x4d,accuracy,33.0048,0.1040,False,,n.s.
hepatitis,supertml+densenet161,accuracy,33.0048,0.1040,False,,n.s.
hepatitis,supertml+efficientnet_v2_m,accuracy,33.0048,0.1040,False,,n.s.
hepatitis,supertml+mobilenet_v3_large,accuracy,33.0048,0.1040,False,,n.s.
hepatitis,supertml+resnext50_32x4d,accuracy,33.0048,0.1040,False,,n.s.
hepatitis,svm,accuracy,33.0048,0.1040,False,,n.s.
hepatitis,tinto+densenet161,accuracy,33.0048,0.1040,False,,n.s.
hepatitis,tinto+efficientnet_v2_m,accuracy,33.0048,0.1040,False,,n.s.
hepatitis,tinto+mobilenet_v3_large,accuracy,33.0048,0.1040,False,,n.s.
hepatitis,tinto+resnext50_32x4d,accuracy,33.0048,0.1040,False,,n.s.
hepatitis,xgboost,accuracy,33.0048,0.1040,False,,n.s.
acute_inflammations,deepinsight+densenet161,accuracy,90.7969,0.0000,True,8.5000,a
acute_inflammations,tinto+densenet161,accuracy,90.7969,0.0000,True,8.5000,a
acute_inflammations,svm,accuracy,90.7969,0.0000,True,8.5000,a
acute_inflammations,supertml+resnext50_32x4d,accuracy,90.7969,0.0000,True,8.5000,a
acute_inflammations,refined+resnext50_32x4d,accuracy,90.7969,0.0000,True,8.5000,a
acute_inflammations,random_forest,accuracy,90.7969,0.0000,True,8.5000,a
acute_inflammations,igtd+resnext50_32x4d,accuracy,90.7969,0.0000,True,8.5000,a
acute_inflammations,knn,accuracy,90.7969,0.0000,True,8.5000,a
acute_inflammations,decision_tree,accuracy,90.7969,0.0000,True,10.3000,a
acute_inflammations,supertml+densenet161,accuracy,90.7969,0.0000,True,10.3000,a
acute_inflammations,xgboost,accuracy,90.7969,0.0000,True,10.3000,a
acute_inflammations,deepinsight+resnext50_32x4d,accuracy,90.7969,0.0000,True,10.4000,a
acute_inflammations,deepinsight+efficientnet_v2_m,accuracy,90.7969,0.0000,True,10.4000,a
acute_inflammations,tinto+resnext50_32x4d,accuracy,90.7969,0.0000,True,10.5000,a
acute_inflammations,tinto+efficientnet_v2_m,accuracy,90.7969,0.0000,True,10.8000,a
acute_inflammations,refined+densenet161,accuracy,90.7969,0.0000,True,10.9000,a
acute_inflammations,igtd+densenet161,accuracy,90.7969,0.0000,True,12.9000,a
acute_inflammations,igtd+efficientnet_v2_m,accuracy,90.7969,0.0000,True,13.1000,a
acute_inflammations,refined+efficientnet_v2_m,accuracy,90.7969,0.0000,True,15.0000,a
acute_inflammations,supertml+efficientnet_v2_m,accuracy,90.7969,0.0000,True,18.9000,a
acute_inflammations,refined+mobilenet_v3_large,accuracy,90.7969,0.0000,True,20.6000,a
acute_inflammations,igtd+mobilenet_v3_large,accuracy,90.7969,0.0000,True,22.8000,a
acute_inflammations,deepinsight+mobilenet_v3_large,accuracy,90.7969,0.0000,True,23.2000,a
acute_inflammations,tinto+mobilenet_v3_large,accuracy,90.7969,0.0000,True,23.2000,a
acute_inflammations,supertml+mobilenet_v3_large,accuracy,90.7969,0.0000,True,23.4000,a
zoo,random_forest,accuracy,96.8864,0.0000,True,2.2000,a
zoo,xgboost,accuracy,96.8864,0.0000,True,2.5000,a
zoo,svm,accuracy,96.8864,0.0000,True,2.9000,a
zoo,decision_tree,accuracy,96.8864,0.0000,True,3.4000,a
zoo,knn,accuracy,96.8864,0.0000,True,5.3000,a
zoo,refined+resnext50_32x4d,accuracy,96.8864,0.0000,True,8.3000,a
zoo,igtd+efficientnet_v2_m,accuracy,96.8864,0.0000,True,10.2000,a
zoo,igtd+resnext50_32x4d,accuracy,96.8864,0.0000,True,10.2000,a
zoo,supertml+resnext50_32x4d,accuracy,96.8864,0.0000,True,11.3000,a
zoo,igtd+densenet161,accuracy,96.8864,0.0000,True,12.3000,a
zoo,tinto+resnext50_32x4d,accuracy,96.8864,0.0000,True,12.3000,a
zoo,refined+densenet161,accuracy,96.8864,0.0000,True,12.4000,a
zoo,refined+efficientnet_v2_m,accuracy,96.8864,0.0000,True,12.5000,a
zoo,deepinsight+resnext50_32x4d,accuracy,96.8864,0.0000,True,12.7000,a
zoo,tinto+efficientnet_v2_m,accuracy,96.8864,0.0000,True,12.9000,a
zoo,deepinsight+efficientnet_v2_m,accuracy,96.8864,0.0000,True,14.3000,a
zoo,tinto+densenet161,accuracy,96.8864,0.0000,True,15.3000,a
zoo,deepinsight+densenet161,accuracy,96.8864,0.0000,True,16.0000,a
zoo,supertml+efficientnet_v2_m,accuracy,96.8864,0.0000,True,18.3000,a
zoo,deepinsight+mobilenet_v3_large,accuracy,96.8864,0.0000,True,18.4000,a
zoo,supertml+densenet161,accuracy,96.8864,0.0000,True,20.4000,b
zoo,igtd+mobilenet_v3_large,accuracy,96.8864,0.0000,True,21.3000,b
zoo,supertml+mobilenet_v3_large,accuracy,96.8864,0.0000,True,23.0000,b
zoo,refined+mobilenet_v3_large,accuracy,96.8864,0.0000,True,23.1000,b
zoo,tinto+mobilenet_v3_large,accuracy,96.8864,0.0000,True,23.5000,b
hayes_roth,svm,accuracy,86.9449,0.0000,True,2.0000,a
hayes_roth,decision_tree,accuracy,86.9449,0.0000,True,3.0000,a
hayes_roth,xgboost,accuracy,86.9449,0.0000,True,3.6000,a
hayes_roth,random_forest,accuracy,86.9449,0.0000,True,3.7000,a
hayes_roth,supertml+densenet161,accuracy,86.9449,0.0000,True,6.8000,a
hayes_roth,refined+resnext50_32x4d,accuracy,86.9449,0.0000,True,8.0000,a
hayes_roth,deepinsight+densenet161,accuracy,86.9449,0.0000,True,9.4000,a
hayes_roth,deepinsight+efficientnet_v2_m,accuracy,86.9449,0.0000,True,9.4000,a
hayes_roth,supertml+efficientnet_v2_m,accuracy,86.9449,0.0000,True,10.2000,a
hayes_roth,deepinsight+resnext50_32x4d,accuracy,86.9449,0.0000,True,10.5000,a
hayes_roth,refined+densenet161,accuracy,86.9449,0.0000,True,12.4000,a
hayes_roth,supertml+resnext50_32x4d,accuracy,86.9449,0.0000,True,12.4000,a
hayes_roth,tinto+resnext50_32x4d,accuracy,86.9449,0.0000,True,13.0000,a
hayes_roth,tinto+efficientnet_v2_m,accuracy,86.9449,0.0000,True,14.0000,a
hayes_roth,tinto+densenet161,accuracy,86.9449,0.0000,True,14.4000,a
hayes_roth,igtd+resnext50_32x4d,accuracy,86.9449,0.0000,True,15.7000,a
hayes_roth,refined+efficientnet_v2_m,accuracy,86.9449,0.0000,True,16.1000,a
hayes_roth,igtd+densenet161,accuracy,86.9449,0.0000,True,16.8000,a
hayes_roth,knn,accuracy,86.9449,0.0000,True,19.9000,b
hayes_roth,igtd+efficientnet_v2_m,accuracy,86.9449,0.0000,True,20.1000,b
hayes_roth,tinto+mobilenet_v3_large,accuracy,86.9449,0.0000,True,20.2000,b
hayes_roth,deepinsight+mobilenet_v3_large,accuracy,86.9449,0.0000,True,20.5000,b
hayes_roth,igtd+mobilenet_v3_large,accuracy,86.9449,0.0000,True,20.5000,b
hayes_roth,refined+mobilenet_v3_large,accuracy,86.9449,0.0000,True,21.1000,b
hayes_roth,supertml+mobilenet_v3_large,accuracy,86.9449,0.0000,True,21.3000,b
